{
  "bond_type": "10Y",
  "backtest_window_days": 20,
  "timestamp": "2025-04-12T14:03:47.488102",
  "metrics": {
    "rolling_5d": {
      "mae": 0.08959999999999999,
      "rmse": 0.11158852987650664,
      "mape": 2.1131238541141495,
      "r2": -0.30469404861693383
    },
    "rolling_10d": {
      "mae": 0.08360000000000004,
      "rmse": 0.1053702994206623,
      "mape": 1.983226423273369,
      "r2": -0.16333822296731237
    },
    "rolling_20d": {
      "mae": 0.08092500000000005,
      "rmse": 0.1032826824787196,
      "mape": 1.9240904063737507,
      "r2": -0.11769829212070593
    },
    "arima": {
      "mae": 0.05627443301779298,
      "rmse": 0.06914855472792669,
      "mape": 1.3296640862909004,
      "r2": 0.499002240050181
    },
    "exponential_smoothing": {
      "mae": 0.05663179283281607,
      "rmse": 0.06995328299235738,
      "mape": 1.3385040245865014,
      "r2": 0.4872734910510438
    },
    "linear_regression": {
      "mae": 0.08634314374233716,
      "rmse": 0.11645481519128226,
      "mape": 2.0686825239146924,
      "r2": -0.4209685646726431
    },
    "xgboost": {
      "mae": 0.056554792404174804,
      "rmse": 0.06970624156169843,
      "mape": 1.336986826918917,
      "r2": 0.49088850454129784
    },
    "ensemble_simple_avg": {
      "mae": 0.06263511967824438,
      "rmse": 0.07960094859949375,
      "mape": 1.4852537900236111,
      "r2": 0.3360948220935406
    }
  }
}