{
  "bond_type": "10Y",
  "backtest_window_days": 90,
  "timestamp": "2025-04-12T12:30:14.416339",
  "metrics": {
    "rolling_5d": {
      "mae": 0.07133333333333322,
      "rmse": 0.08833169809807165,
      "mape": 1.6234820117858775,
      "r2": 0.7540424882742393
    },
    "rolling_10d": {
      "mae": 0.09128888888888895,
      "rmse": 0.11277696770371358,
      "mape": 2.0779620888229577,
      "r2": 0.59907073439925
    },
    "rolling_20d": {
      "mae": 0.12188888888888884,
      "rmse": 0.1452963637994197,
      "mape": 2.762596140384579,
      "r2": 0.334517831096112
    },
    "linear_regression": {
      "mae": 0.10624904214559362,
      "rmse": 0.12758634945282127,
      "mape": 2.4094706527391896,
      "r2": 0.4868606086411459
    }
  }
}